Symbol,Name,Last,Change,%Chg,High,Low,Volume,Time
A,"Agilent Technologies",70.81,-2.1,-2.88%,71.74,69.89,1701032,"14:47 ET"
AAL,"American Airlines Gp",36.4,-0.29,-0.79%,37.1,35.79,6033526,"14:47 ET"
AAP,"Advance Auto Parts Inc",173.13,-5.06,-2.84%,177,170.75,780597,"14:47 ET"
AAPL,"Apple Inc",172.27,-4.42,-2.50%,174.36,170.42,32389651,"14:47 ET"
ABBV,"Abbvie Inc",87.96,-2.59,-2.86%,90.48,87.17,4483303,"14:47 ET"
ABC,"Amerisourcebergen Corp",84.21,-3.4,-3.88%,86.99,83.33,819041,"14:47 ET"
ABMD,"Abiomed Inc",323.89,-3.29,-1.01%,329.6,310.58,307605,"14:47 ET"
ABT,"Abbott Laboratories",70.14,-1.36,-1.90%,71.08,69.92,5393368,"14:47 ET"
ACN,"Accenture Plc",156.98,-7.23,-4.40%,161.74,156.95,2970570,"14:47 ET"
ADBE,"Adobe Systems Inc",245.72,-0.099999999999994,-0.04%,249.17,237.96,2444277,"14:47 ET"
ADI,"Analog Devices",88.05,-2.39,-2.64%,89.09,86.17,1798416,"14:47 ET"
ADM,"Archer Daniels Midland Company",44.88,-0.73,-1.60%,45.47,44.17,2799122,"14:47 ET"
ADP,"Automatic Data Procs",141.21,-2.4,-1.67%,142.82,138.29,1491925,"14:46 ET"
ADS,"Alliance Data Systems Corp",184.12,-4.74,-2.51%,186.48,181.8,471515,"14:46 ET"
ADSK,"Autodesk Inc",137.72,-2.12,-1.52%,140.04,133.3,1356767,"14:47 ET"
AEE,"Ameren Corp",69.36,-0.68000000000001,-0.97%,70.43,68.68,718531,"14:47 ET"
AEP,"American Electric Power Company",78.02,-0.40000000000001,-0.51%,79.25,77.11,1474246,"14:47 ET"
AES,"The Aes Corp",15.29,-0.17,-1.10%,15.34,15.04,4496233,"14:47 ET"
AFL,"Aflac Incorporated",42.71,-1.58,-3.57%,43.88,42.69,2372361,"14:47 ET"
AGN,"Allergan Plc",152.68,-1.32,-0.86%,153.96,149.81,1625203,"14:47 ET"
AIG,"American International Group",38.58,-2.19,-5.37%,40.15,38.5,9538151,"14:47 ET"
AIV,"Apartment Investment and Management",46.66,0.58,+1.26%,46.77,45.63,1137084,"14:47 ET"
AIZ,"Assurant Inc",91.25,-4.16,-4.36%,94.12,89.57,622892,"14:46 ET"
AJG,"Arthur J. Gallagher & Co",73.9,-2.21,-2.90%,75.2,73.69,781831,"14:47 ET"
AKAM,"Akamai Technologies",68.35,-0.36,-0.52%,69.68,67.01,1278365,"14:46 ET"
ALB,"Albemarle Corp",89.61,-3.58,-3.84%,92.04,88.02,1409222,"14:47 ET"
ALGN,"Align Technology I",214.99,-5.96,-2.70%,219,210.11,986923,"14:47 ET"
ALK,"Alaska Air Group",69.14,-0.89,-1.27%,69.9,68.82,1389735,"14:47 ET"
ALL,"Allstate Corp",83.47,-2.93,-3.39%,86.07,83.33,1281441,"14:47 ET"
ALLE,"Allegion Plc Ordinary Shares Wh",88.32,-1.96,-2.17%,89.56,87.09,368728,"14:47 ET"
ALXN,"Alexion Pharm Inc",118.83,-3.47,-2.84%,121.01,116.51,910389,"14:46 ET"
AMAT,"Applied Materials",34.22,-1.21,-3.42%,34.88,33.98,12225705,"14:47 ET"
AMD,"Adv Micro Devices",20.81,-0.31,-1.47%,21.41,20.06,86378181,"14:47 ET"
AME,"Amtek Inc",70.69,-1.39,-1.93%,71.22,68.74,1443790,"14:47 ET"
AMG,"Affiliated Managers Group",104.55,-0.60000000000001,-0.57%,105.63,101.34,693802,"14:46 ET"
AMGN,"Amgen Inc",195.62,-2.14,-1.08%,197.34,193.2,1847554,"14:47 ET"
AMP,"Ameriprise Financial Services",116.09,-5.34,-4.40%,118.38,113.21,1124091,"14:47 ET"
AMT,"American Tower Corp",164.55,1.07,+0.65%,165.22,161.13,1460200,"14:47 ET"
AMZN,"Amazon.com Inc",1667.9,-0.5,-0.03%,1690.15,1609.85,6703016,"14:47 ET"
ANET,"Arista Networks Inc",233.35,3.62,+1.58%,235.74,225,856623,"14:47 ET"
ANSS,"Ansys Inc",154.77,-1.87,-1.19%,156.51,152.18,444109,"14:46 ET"
ANTM,"Anthem Inc",281.95,-10.97,-3.75%,291.64,274.97,1438532,"14:47 ET"
AON,"AON Plc",158.3,-4.42,-2.72%,161.05,156.28,530438,"14:46 ET"
AOS,"Smith [A.O.] Corp",43.85,-1.32,-2.92%,44.63,43.26,1380218,"14:47 ET"
APA,"Apache Corp",33.22,-1.82,-5.19%,34.23,32.97,3412083,"14:47 ET"
APC,"Anadarko Petroleum Corp",50.93,-2.05,-3.87%,51.76,50.26,2774242,"14:47 ET"
APD,"Air Products and Chemicals",158.6,-5.32,-3.25%,161.65,156.85,1097077,"14:46 ET"
APH,"Amphenol Corp",82.77,-2.88,-3.36%,84.25,81.85,2054510,"14:47 ET"
APTV,"Aptiv Plc",69.03,-2.55,-3.56%,70.32,69,1615142,"14:47 ET"
ARE,"Alexandria Real Estate Equities",123.57,0.029999999999987,+0.02%,124.04,121.5,631672,"14:46 ET"
ARNC,"Arconic Inc",20.23,-0.62,-2.97%,20.71,20.17,2967978,"14:47 ET"
ATVI,"Activision Blizzard",47.49,0.97,+2.09%,48.31,45.5,12313018,"14:47 ET"
AVB,"Avalonbay Communities",187.05,-0.26999999999998,-0.14%,188.14,184.2,779017,"14:47 ET"
AVGO,"Broadcom Ltd",222.19,-9.85,-4.24%,226.5,217.61,3346695,"14:47 ET"
AVY,"Avery Dennison Corp",92.46,-1.21,-1.29%,93.22,91.62,681533,"14:46 ET"
AWK,"American Water Works",96.13,0.34999999999999,+0.37%,96.68,95.44,798321,"14:46 ET"
AXP,"American Express Company",105.89,-1.75,-1.63%,106.64,104.78,4500806,"14:47 ET"
AZO,Autozone,853.03,-27.04,-3.07%,877.94,852.03,368714,"14:47 ET"
BA,"Boeing Company",327,-15.5,-4.53%,333.63,317.3,6725949,"14:47 ET"
BAC,"Bank of America Corp",25.69,-1.3,-4.82%,26.43,25.53,86743876,"14:47 ET"
BAX,"Baxter International Inc",65.34,-1.92,-2.85%,66.81,64.96,2511891,"14:47 ET"
BBT,"BB&T Corp",47.12,-1.25,-2.58%,47.87,46.91,3766556,"14:47 ET"
BBY,"Best Buy Co",61.06,-1.2,-1.93%,62.1,60.34,2993531,"14:47 ET"
BDX,"Becton Dickinson and Company",236.28,-8.64,-3.53%,243.56,234.76,1144543,"14:47 ET"
BEN,"Franklin Resources",31.89,-1.38,-4.15%,32.67,31.14,4244241,"14:47 ET"
BF.B,"Brown Forman Inc Cl B",46.07,-0.59,-1.26%,47.36,45.74,910567,"14:47 ET"
BHF,"Brighthouse Financial Inc",35.38,-3.43,-8.84%,38.08,35.37,2532266,"14:47 ET"
BHGE,"Baker Hughes A Ge Co. Cl. A",21.23,-0.91,-4.11%,21.71,21.05,3666288,"14:47 ET"
BIIB,"Biogen Inc",323.27,0.53999999999996,+0.17%,325.36,313.64,840273,"14:47 ET"
BK,"Bank of New York Mellon Corp",47.23,-1.47,-3.02%,48,46.67,7123620,"14:47 ET"
BKNG,"Booking Holdings Inc",1870.71,7.5699999999999,+0.41%,1889.93,1825.51,225678,"14:46 ET"
BLK,Blackrock,391.79,-16.96,-4.15%,400.43,381.38,937321,"14:47 ET"
BLL,"Ball Corp",48.43,-0.6,-1.22%,48.71,47.94,3141809,"14:47 ET"
BMY,"Bristol-Myers Squibb Company",52.42,0.39,+0.75%,53.16,51.66,6296851,"14:47 ET"
BR,"Broadridge Financial Solutions Llc",98.88,-4.21,-4.08%,101.86,98.88,759244,"14:47 ET"
BRK.B,"Berkshire Hath Hld Cl B",203.88,-6.24,-2.97%,208.07,202.92,5118205,"14:47 ET"
BSX,"Boston Scientific Corp",35.89,-0.63,-1.73%,36.38,35.25,6272005,"14:47 ET"
BWA,"Borgwarner Inc",36.64,-1.01,-2.68%,37.51,36.26,1250629,"14:47 ET"
BXP,"Boston Properties",129.44,-0.74000000000001,-0.57%,129.8,127.49,538129,"14:46 ET"
C,"Citigroup Inc",58.48,-3.78,-6.07%,60.9,58.36,26159912,"14:47 ET"
CAG,"Conagra Brands Inc",31.25,-0.83,-2.59%,32.18,30.9,3309478,"14:47 ET"
CAH,"Cardinal Health",53.57,-1.5,-2.72%,54.5,52.17,2851139,"14:47 ET"
CAT,"Caterpillar Inc",126.29,-3.03,-2.34%,127.76,124.05,4483272,"14:47 ET"
CB,"Chubb Ltd",129.1,-3.23,-2.44%,131.38,128.22,1302060,"14:46 ET"
CBOE,"CBOE Global Markets Inc",102.55,-1.35,-1.30%,104.17,102.41,828657,"14:47 ET"
CBRE,"CBRE Group Inc",41.89,0.15,+0.36%,42.08,40.87,1313816,"14:47 ET"
CBS,"CBS Corp",50.8,-0.55,-1.07%,51.08,50.27,2004421,"14:47 ET"
CCI,"Crown Castle International Corp",115.39,0.39,+0.34%,115.8,113.23,1849443,"14:47 ET"
CCL,"Carnival Corp",57.77,-0.52999999999999,-0.91%,58.2,57.09,2038573,"14:47 ET"
CDNS,"Cadence Design Sys",43.45,-1.28,-2.86%,44.24,43.22,1596803,"14:47 ET"
CELG,"Celgene Corp",72.08,-0.39,-0.54%,73.14,71.03,4001902,"14:47 ET"
CERN,"Cerner Corp",54.21,-1.91,-3.40%,55.49,54.21,1589292,"14:46 ET"
CF,"Cf Industries Holdings",40.89,-1.66,-3.90%,42.15,39.99,2732499,"14:46 ET"
CFG,"Citizens Financial Group Inc/Ri",33.09,-1.35,-3.92%,34.25,33,4433333,"14:47 ET"
CHD,"Church & Dwight Company",65.86,-0.73999999999999,-1.11%,66.97,65.62,924865,"14:47 ET"
CHRW,"C.H. Robinson Ww",88.68,-0.19,-0.21%,89.34,87.25,611530,"14:46 ET"
CHTR,"Charter Communicatio",322.52,0.68000000000001,+0.21%,325.06,313.83,715175,"14:46 ET"
CI,"Cigna Corp",210.67,-7.17,-3.29%,216.78,206.61,1694594,"14:47 ET"
CINF,"Cincinnati Financial",79.13,-2.38,-2.92%,80.82,78.61,344092,"14:46 ET"
CL,"Colgate-Palmolive Company",62.56,-0.52,-0.82%,63.29,61.87,2798439,"14:47 ET"
CLX,"Clorox Company",162.24,-1.39,-0.85%,163.87,160.82,501077,"14:46 ET"
CMA,"Comerica Inc",74.04,-2.36,-3.09%,75.09,73.51,1980549,"14:47 ET"
CMCSA,"Comcast Corp A",37.4,-0.29,-0.77%,37.79,36.98,16033659,"14:47 ET"
CME,"CME Group Inc",185.94,-2.26,-1.20%,189,183.43,1617596,"14:47 ET"
CMG,"Chipotle Mexican Grill",464.31,-4.04,-0.86%,467.29,453.38,426882,"14:46 ET"
CMI,"Cummins Inc",140.35,-6.02,-4.11%,143.38,137.56,1077097,"14:47 ET"
CMS,"Cms Energy Corp",52.44,-0.13,-0.25%,52.94,51.64,1561507,"14:47 ET"
CNC,"Centene Corp",132.86,-9.32,-6.56%,139.9,131.19,1370367,"14:47 ET"
CNP,"Centerpoint Energy Inc",27.84,-0.21,-0.75%,28.22,27.65,2649695,"14:47 ET"
COF,"Capital One Financial Corp",82.37,-2.52,-2.97%,83.9,81.85,1977339,"14:47 ET"
COG,"Cabot Oil & Gas Corp",24.89,-0.21,-0.84%,25.14,24.32,6488165,"14:47 ET"
COO,"Cooper Companies",269.63,-5.27,-1.92%,273.22,264.78,416526,"14:46 ET"
COP,Conocophillips,65.12,-1.8,-2.69%,66.21,64.31,4361281,"14:47 ET"
COST,"Costco Wholesale",231.84,5.49,+2.43%,233.86,226.6,2264402,"14:47 ET"
COTY,"Coty Inc",7.57,-0.36,-4.54%,7.87,7.55,5869763,"14:47 ET"
CPB,"Campbell Soup Company",37.85,-0.74,-1.92%,38.8,37.53,1010971,"14:47 ET"
CPRT,"Copart Inc",48.34,-0.94,-1.91%,49.17,47.69,815169,"14:47 ET"
CRM,"Salesforce.com Inc",139.07,-0.17000000000002,-0.12%,140.55,132.75,6348431,"14:47 ET"
CSCO,"Cisco Systems Inc",47.18,-0.17,-0.36%,47.59,46.47,22944660,"14:47 ET"
CSX,"CSX Corp",68.87,-1.73,-2.45%,69.65,68.23,5456065,"14:47 ET"
CTAS,"Cintas Corp",175.5,-3.99,-2.22%,178.32,173.59,512792,"14:46 ET"
CTL,Centurylink,17.09,-0.76,-4.26%,17.83,16.87,13274579,"14:47 ET"
CTSH,"Cognizant Tech Sol",68.58,-1.44,-2.06%,69.48,68.11,2420416,"14:47 ET"
CTXS,"Citrix Systems Inc",108.18,-0.69,-0.63%,108.92,105.43,913122,"14:47 ET"
CVS,"CVS Corp",75.09,-3.82,-4.84%,78.06,73.89,7982326,"14:47 ET"
CVX,"Chevron Corp",114.07,-3.17,-2.70%,115.43,113.03,5963241,"14:47 ET"
CXO,"Concho Resources Inc",118.65,-9.76,-7.60%,125.26,117.69,1753677,"14:47 ET"
D,"Dominion Resources",74.13,-1.19,-1.58%,74.95,73.36,3385442,"14:47 ET"
DAL,"Delta Air Lines Inc",57.44,0.5,+0.88%,57.9,56.51,5017959,"14:47 ET"
DE,"Deere & Company",151.89,0.29999999999998,+0.20%,153.59,146.57,3207475,"14:47 ET"
DFS,"Discover Financial Services",64.79,-1.59,-2.40%,65.81,64.11,2014039,"14:47 ET"
DG,"Dollar General Corp",105.24,1.14,+1.10%,105.68,102.31,2387152,"14:47 ET"
DGX,"Quest Diagnostics Inc",87.56,-2.18,-2.43%,89.33,86.5,1165445,"14:47 ET"
DHI,"D.R. Horton",36.53,0.25,+0.69%,37.07,35.9,2592224,"14:47 ET"
DHR,"Danaher Corp",102.82,-3.48,-3.27%,105.53,102.41,1956861,"14:47 ET"
DIS,"Walt Disney Company",112.76,-0.11,-0.10%,113.32,111.16,6892527,"14:47 ET"
DISCA,"Discovery Comm A",28.63,0.65,+2.32%,28.91,27.56,3657050,"14:47 ET"
DISCK,"Discovery Comm Inc",26.37,0.6,+2.33%,26.47,25.44,2510082,"14:47 ET"
DISH,"Dish Network Corp",31.19,-0.74,-2.32%,31.93,30.97,1310465,"14:47 ET"
DLR,"Digital Realty Trust",114.29,0.69000000000001,+0.61%,114.59,110.78,577212,"14:47 ET"
DLTR,"Dollar Tree Inc",85.97,-0.28,-0.32%,86.26,84.99,1907824,"14:47 ET"
DOV,"Dover Corp",80.24,-3.25,-3.89%,82.55,79.1,1390212,"14:47 ET"
DRE,"Duke Realty Corp",28.11,0.09,+0.32%,28.19,27.32,1297036,"14:46 ET"
DRI,"Darden Restaurants",107.72,-0.030000000000001,-0.03%,108.09,105.88,867185,"14:47 ET"
DTE,"Dte Energy Company",118.31,-0.86,-0.72%,119.99,116.97,801372,"14:47 ET"
DUK,"Duke Energy Corp",89,-1.05,-1.17%,90.64,88.36,1959162,"14:46 ET"
DVA,"Davita Healthcare Partners Inc",60.81,-3.26,-5.09%,63.06,59.19,1881768,"14:47 ET"
DVN,"Devon Energy Corp",27.22,-0.95,-3.37%,27.53,26.64,6201608,"14:47 ET"
DWDP,"Dowdupont Inc",54.67,-1.82,-3.22%,55.4,53.75,8944757,"14:47 ET"
DXC,"Dxc Technology Company",59.91,-2.12,-3.42%,60.87,59.23,2738180,"14:47 ET"
EA,"Electronic Arts Inc",82.05,0.86999999999999,+1.07%,83.54,79.5,3614862,"14:47 ET"
EBAY,"Ebay Inc",29.09,-0.17,-0.58%,29.33,28.77,7146045,"14:47 ET"
ECL,"Ecolab Inc",155.05,-1.69,-1.08%,156.59,153.14,740556,"14:46 ET"
ED,"Consolidated Edison Company of New York",81.01,-0.97999999999999,-1.20%,82.49,80.1,1291210,"14:47 ET"
EFX,"Equifax Inc",98.67,-0.61,-0.61%,99.24,96.89,487026,"14:47 ET"
EIX,"Edison International",56.91,-0.82,-1.42%,58.18,56.12,1495336,"14:47 ET"
EL,"Estee Lauder Companies",140.31,-3.78,-2.62%,142.93,138.68,1800410,"14:47 ET"
EMN,"Eastman Chemical Company",74.61,-3.06,-3.94%,76.14,74.05,858273,"14:47 ET"
EMR,"Emerson Electric Company",62.67,-2.98,-4.54%,64.34,62.04,4616564,"14:47 ET"
EOG,"Eog Resources",100.2,-3.87,-3.72%,101.82,99.56,2855025,"14:47 ET"
EQIX,"Equinix Inc",386.06,0.97000000000003,+0.25%,387.4,377.95,326402,"14:47 ET"
EQR,"Equity Residential",71.12,0.36,+0.51%,71.28,69.59,978362,"14:46 ET"
ES,"Eversource Energy",68.61,-0.34,-0.49%,69.55,67.72,1102357,"14:47 ET"
ESRX,"Express Scripts",97.15,-1.72,-1.74%,99.1,96.03,2188762,"14:47 ET"
ESS,"Essex Property Trust",259.8,0.21000000000004,+0.08%,260.58,256.06,146207,"14:46 ET"
ETFC,"E*Trade Finl Corp",46.99,-1.66,-3.41%,47.4,46.1,3909288,"14:47 ET"
ETN,"Eaton Corp",72.46,-2.53,-3.37%,73.71,71.17,2138272,"14:47 ET"
ETR,"Entergy Corp",87.18,-1.8,-2.02%,89.43,86.6,1273007,"14:47 ET"
EVRG,"Evergy Inc",60.21,0.17,+0.28%,60.49,59.43,841590,"14:46 ET"
EW,"Edwards Lifesciences Corp",160.71,3.36,+2.14%,161.75,155.02,1495161,"14:46 ET"
EXC,"Exelon Corp",46.42,-0.53,-1.13%,47.4,46.09,3984743,"14:47 ET"
EXPD,"Expeditors Intl",73.67,-1.87,-2.48%,75.12,73.67,816541,"14:47 ET"
EXPE,"Expedia Group Inc",119.32,0.53999999999999,+0.45%,119.93,116.07,947161,"14:47 ET"
EXR,"Extra Space Storage Inc",98.02,1.12,+1.16%,98.2,96.09,583190,"14:46 ET"
F,"Ford Motor Company",8.93,-0.25,-2.72%,9.14,8.92,34354697,"14:47 ET"
FAST,"Fastenal Co",56.21,-1.06,-1.85%,56.79,55.45,1647318,"14:47 ET"
FB,"Facebook Inc",137.53,-0.40000000000001,-0.29%,139.16,133.39,20108092,"14:47 ET"
FBHS,"Fortune Brands Home & Security",41.91,-0.32,-0.76%,42.47,41.21,1330700,"14:47 ET"
FCX,"Freeport-Mcmoran Inc",10.94,-0.56,-4.87%,11.16,10.73,16509903,"14:47 ET"
FDX,"Fedex Corp",210.76,-4.76,-2.21%,214.58,209.5,1379926,"14:47 ET"
FE,"Firstenergy Corp",38.72,0.17,+0.44%,38.79,37.99,2637461,"14:46 ET"
FFIV,"F5 Networks Inc",166.99,-2.56,-1.51%,169.24,164.79,391092,"14:46 ET"
FIS,"Fidelity National Information Services",104.74,-1.38,-1.30%,105.31,102.66,1080497,"14:46 ET"
FISV,"Fiserv Inc",74.84,-2.07,-2.69%,75.93,74.04,1909653,"14:47 ET"
FITB,"Fifth Third Bncp",25.39,-0.69,-2.65%,25.81,24.96,4992787,"14:47 ET"
FL,"Footlocker Inc",53.85,-1.08,-1.97%,54.58,52.85,1597358,"14:46 ET"
FLIR,"Flir Systems Inc",44.08,-0.78,-1.74%,44.74,43.51,765742,"14:47 ET"
FLR,"Fluor Corp",36.48,-2.28,-5.88%,38.01,35.65,2164405,"14:47 ET"
FLS,"Flowserve Corp",45.07,-1.37,-2.95%,45.68,43.47,1029330,"14:47 ET"
FLT,"Fleetcor Technologies",185.61,-4.27,-2.25%,188.65,184.49,445566,"14:46 ET"
FMC,"FMC Corp",81.33,-1.89,-2.27%,81.89,79.56,672498,"14:46 ET"
FOX,"21st Centry Fox Class B",49,0.079999999999998,+0.16%,49.1,48.52,3669191,"14:47 ET"
FOXA,"21st Centry Fox Class A",49.26,0.14,+0.29%,49.39,48.62,8343672,"14:47 ET"
FRT,"Federal Realty Investment Trust",132.71,1.44,+1.10%,133.07,129.8,180298,"14:47 ET"
FTI,"Technipfmc Plc",21.53,-1.98,-8.42%,22.21,21.32,7083481,"14:47 ET"
FTNT,"Fortinet Inc",74.17,0.79000000000001,+1.08%,74.89,70.34,1084524,"14:47 ET"
FTV,"Fortive Corp",71.13,-1.72,-2.36%,72.19,70.43,1517082,"14:47 ET"
GD,"General Dynamics Corp",168.55,-4.63,-2.67%,171.92,165.3,1521665,"14:47 ET"
GE,"General Electric Company",7.26,-0.02,-0.27%,7.35,7.15,75547326,"14:47 ET"
GILD,"Gilead Sciences Inc",69.09,-0.45999999999999,-0.66%,69.74,68.11,4486315,"14:47 ET"
GIS,"General Mills",39.38,-0.89,-2.21%,40.4,39.32,8327107,"14:47 ET"
GLW,"Corning Inc",31.5,-0.65,-2.02%,31.66,30.66,4543317,"14:47 ET"
GM,"General Motors Company",35.04,-1.48,-4.05%,35.75,34.91,8702744,"14:47 ET"
GOOG,"Alphabet Class C",1051.01,0.19000000000005,+0.02%,1063.58,1030.56,1718638,"14:47 ET"
GOOGL,"Alphabet Class A",1061.74,-0.73000000000002,-0.07%,1075,1042.23,1565875,"14:47 ET"
GPC,"Genuine Parts Company",99.31,-3.93,-3.81%,102.21,97.88,584813,"14:47 ET"
GPN,"Global Payments Inc",104.27,-2.72,-2.54%,106.04,103.49,1408541,"14:47 ET"
GPS,"Gap Inc",27.15,0.23,+0.85%,27.5,26.41,3369849,"14:47 ET"
GRMN,"Garmin Ltd",64.14,-2.26,-3.40%,66.27,63.72,683651,"14:47 ET"
GS,"Goldman Sachs Group",181.14,-3.17,-1.72%,184.3,180.15,3561515,"14:46 ET"
GT,"Goodyear Tire Rubber",22.29,-0.72,-3.13%,22.74,22.27,1391686,"14:46 ET"
GWW,"W.W. Grainger",295.34,-5.26,-1.75%,297.3,289.58,454312,"14:46 ET"
HAL,"Halliburton Company",29.44,-2,-6.36%,30.55,29.31,10993311,"14:47 ET"
HAS,"Hasbro Inc",86.76,-1.65,-1.87%,87.83,85.37,1417783,"14:46 ET"
HBAN,"Huntington Bcshs",13.38,-0.3,-2.19%,13.53,13.16,14671736,"14:47 ET"
HBI,"Hanesbrands Inc",15.45,0.06,+0.39%,15.67,14.85,4407234,"14:47 ET"
HCA,"Hca Holdings Inc",138.82,-3.31,-2.33%,141.97,136.49,1072307,"14:47 ET"
HCP,"HCP Inc",29.61,0.53,+1.82%,29.68,28.82,4183027,"14:47 ET"
HD,"Home Depot",172.51,-2.79,-1.59%,174.18,170.46,4706511,"14:47 ET"
HES,"Hess Corp",52.48,-2.44,-4.44%,54.42,52.27,2941672,"14:47 ET"
HFC,"Hollyfrontier Corp",56.76,-1.38,-2.37%,57.54,55.46,1599868,"14:46 ET"
HIG,"Hartford Financial Services Group",41.52,-1.3,-3.04%,42.55,41.13,2880921,"14:47 ET"
HII,"Huntington Ingalls Industries",201.21,-2.41,-1.18%,201.41,194.61,523029,"14:47 ET"
HLT,"Hilton Inc",74.28,-0.87,-1.16%,75.08,73.31,1243380,"14:47 ET"
HOG,"Harley-Davidson Inc",39.48,-2.38,-5.69%,41.11,39.38,1936607,"14:46 ET"
HOLX,"Hologic Inc",42.77,-1.13,-2.57%,43.36,42.58,1713989,"14:47 ET"
HON,"Honeywell International Inc",138.75,-3.93,-2.75%,140.38,137.14,3120999,"14:47 ET"
HP,"Helmerich & Payne",58.76,-1.83,-3.02%,60.16,58.08,1143110,"14:47 ET"
HPE,"Hewlett Packard Enterprise Comp",15.72,0.67,+4.45%,16.26,14.56,17319555,"14:47 ET"
HPQ,"Hewlett-Packard Company",23.56,0.32,+1.38%,23.79,22.7,10920075,"14:47 ET"
HRB,"H&R Block",27.69,0.17,+0.62%,28.25,26.52,2213550,"14:47 ET"
HRL,"Hormel Foods Corp",44.46,-0.45,-1.00%,44.93,43.97,2422584,"14:47 ET"
HRS,"Harris Corp",138.33,-0.70999999999998,-0.51%,138.97,134.3,881098,"14:47 ET"
HSIC,"Henry Schein Inc",86.25,-3.67,-4.08%,89.6,84.74,1549685,"14:47 ET"
HST,"Host Marriott Financial Trust",18.46,-0.26,-1.39%,18.67,18.16,4408304,"14:47 ET"
HSY,"Hershey Foods Corp",107,-1.1,-1.02%,108.1,105.1,662647,"14:47 ET"
HUM,"Humana Inc",312.29,-12.18,-3.75%,322.64,306.67,939050,"14:47 ET"
IBM,"International Business Machines",121.52,-0.079999999999998,-0.07%,122.42,119.3,3890103,"14:47 ET"
ICE,"Intercontinental Exchange",78.25,-0.87,-1.10%,79.55,77.98,2745849,"14:47 ET"
IDXX,"Idexx Laboratories",193.41,-3.39,-1.72%,195.9,189.46,463292,"14:47 ET"
IFF,"International Flavors & Fragrances",136.34,-1.91,-1.38%,139.94,135.77,914482,"14:47 ET"
ILMN,"Illumina Inc",329.69,-4.52,-1.35%,334.39,323.4,858484,"14:46 ET"
INCY,"Incyte Corp",63.66,-1.86,-2.84%,65.35,63.22,880287,"14:46 ET"
INFO,"IHS Markit Ltd",51.07,-1.44,-2.74%,51.82,50.41,1330783,"14:47 ET"
INTC,"Intel Corp",47.43,-0.32,-0.67%,48.03,46.36,19942789,"14:47 ET"
INTU,"Intuit Inc",207.39,-0.26000000000002,-0.13%,208.82,199.4,1564789,"14:46 ET"
IP,"International Paper Company",44.49,-1.45,-3.16%,45.2,44,2560360,"14:47 ET"
IPG,"Interpublic Group of Companies",22.73,-0.46,-1.98%,23.2,22.52,3038818,"14:47 ET"
IPGP,"Ipg Photonics Corp",129.35,-7.87,-5.74%,134.75,129.01,514907,"14:46 ET"
IQV,"Iqvia Holdings Inc",120.42,-2.73,-2.22%,121.8,118.35,1064537,"14:46 ET"
IR,"Ingersoll-Rand Plc [Ireland]",99.6,-2.84,-2.77%,100.53,97.89,1274878,"14:47 ET"
IRM,"Iron Mountain Inc",33.64,-0.28,-0.83%,33.83,33.09,1078388,"14:47 ET"
ISRG,"Intuitive Surg Inc",507.3,-11.52,-2.22%,517.26,496.79,624743,"14:47 ET"
IT,"Gartner Inc",146.04,-3.89,-2.59%,149.37,146.04,370968,"14:47 ET"
ITW,"Illinois Tool Works Inc",130.34,-2.42,-1.82%,131.77,128.51,1333789,"14:47 ET"
IVZ,"Invesco Plc",18.63,-0.9,-4.61%,19.2,18.49,4891708,"14:47 ET"
JBHT,"J B Hunt Transport",102.15,1.52,+1.51%,103.03,98.9,793413,"14:47 ET"
JCI,"Johnson Controls Intl",33.08,-0.81,-2.39%,33.53,32.76,3768443,"14:47 ET"
JEC,"Jacobs Engineering Group Inc",60.14,-2.63,-4.19%,62.37,60.05,1392070,"14:47 ET"
JEF,"Jefferies Financial Group Inc",19.19,-0.92,-4.57%,19.91,19.15,2618635,"14:47 ET"
JKHY,"Jack Henry & Assoc",134.3,-2.86,-2.09%,135.89,133.74,319848,"14:46 ET"
JNJ,"Johnson & Johnson",143.33,-2.7,-1.85%,146.45,142.79,6615367,"14:47 ET"
JNPR,"Juniper Networks",27.76,-0.62,-2.18%,28.17,27.67,1716571,"14:47 ET"
JPM,"JP Morgan Chase & Co",102.98,-4.25,-3.96%,105.77,102.92,17753293,"14:47 ET"
JWN,Nordstrom,50,-0.82,-1.61%,50.91,49.29,2076483,"14:47 ET"
K,"Kellogg Company",60.89,-0.85,-1.38%,62.67,60.48,1569211,"14:47 ET"
KEY,Keycorp,16.78,-0.67,-3.84%,17.2,16.69,7820366,"14:47 ET"
KEYS,"Keysight Technologies Inc Comm",59.71,-1.27,-2.08%,60.82,59.49,822036,"14:47 ET"
KHC,"Kraft Heinz Co",48.87,-1.11,-2.22%,50.23,48.52,5264501,"14:47 ET"
KIM,"Kimco Realty Corp",16.64,0.43,+2.65%,16.7,16.02,4687551,"14:46 ET"
KLAC,"K L A-Tencor Corp",94.1,-1.82,-1.90%,95.4,93.43,1174994,"14:47 ET"
KMB,"Kimberly-Clark Corp",111.26,-1.25,-1.11%,112.35,110.13,1075743,"14:47 ET"
KMI,"Kinder Morgan",16.21,-0.47,-2.82%,16.49,15.98,14103371,"14:47 ET"
KMX,"Carmax Inc",63.27,-0.77999999999999,-1.22%,63.66,62.24,1262831,"14:47 ET"
KO,"Coca-Cola Company",48.78,-0.8,-1.61%,49.63,48.66,9099185,"14:47 ET"
KORS,"Michael Kors Holdings Ltd",42.46,0.030000000000001,+0.07%,43.16,41.48,2024408,"14:47 ET"
KR,"Kroger Company",29.45,0.81,+2.83%,29.59,27.77,9274671,"14:47 ET"
KSS,"Kohl's Corp",64.54,-0.36,-0.55%,65.34,63.62,1697588,"14:47 ET"
KSU,"Kansas City Southern",98.42,-2.33,-2.31%,100.15,97.39,758402,"14:47 ET"
L,"Loews Corp",46.09,-0.88,-1.87%,46.44,45.35,1074729,"14:46 ET"
LB,"L Brands Inc",32.97,-0.050000000000004,-0.15%,34.38,32.97,4205124,"14:47 ET"
LEG,"Leggett & Platt Inc",38.35,-0.049999999999997,-0.13%,38.61,37.32,930858,"14:47 ET"
LEN,"Lennar Corp",41.95,0.82,+1.99%,42.46,40.37,3389902,"14:47 ET"
LH,"Laboratory Corporation of America Holdings",141.47,-1.86,-1.30%,142.29,139.18,815818,"14:47 ET"
LIN,"Linde Plc",153.11,-7.72,-4.80%,159.02,153.11,2887193,"14:47 ET"
LKQ,"LKQ Corp",26.01,-0.65,-2.44%,26.4,25.67,1976160,"14:47 ET"
LLL,"L-3 Communications Holdings",177.75,-0.52000000000001,-0.29%,178.6,172.54,701482,"14:46 ET"
LLY,"Eli Lilly and Company",113.65,-2.87,-2.46%,115.99,112.98,2412213,"14:47 ET"
LMT,"Lockheed Martin Corp",282.85,-3.88,-1.35%,286.08,277.2,1888501,"14:47 ET"
LNC,"Lincoln National Corp",56.41,-3.09,-5.19%,58.54,56.4,1442113,"14:47 ET"
LNT,"Alliant Energy Corp",45.34,-0.83,-1.80%,46.37,45.15,1210309,"14:46 ET"
LOW,"Lowe's Companies",89.04,-1.29,-1.43%,89.9,87.48,3559288,"14:47 ET"
LRCX,"Lam Research Corp",143.37,-6.32,-4.22%,147.41,142.05,3598250,"14:47 ET"
LUV,"Southwest Airlines Company",52.82,0.020000000000003,+0.04%,53.33,52.26,2925101,"14:47 ET"
LYB,"Lyondellbasell Industries Nv",87.11,-3.46,-3.82%,88.86,86.37,2248835,"14:47 ET"
M,"Macy's Inc",31.78,-0.64,-1.97%,32.03,31.25,5172780,"14:47 ET"
MA,"Mastercard Inc",198.58,-1.91,-0.95%,201.15,194.22,3968274,"14:47 ET"
MAA,"Mid-America Apartment Communities",100.77,-0.23,-0.23%,101.12,99.07,488535,"14:47 ET"
MAC,"Macerich Company",49.79,0.22,+0.44%,49.92,48.59,559581,"14:46 ET"
MAR,"Marriot Int Class A",113.21,-0.29000000000001,-0.26%,114.67,111.11,1880000,"14:47 ET"
MAS,"Masco Corp",29.98,-0.7,-2.28%,30.6,29.89,3456178,"14:47 ET"
MAT,"Mattel Inc",13.69,0.13,+0.96%,13.77,13.31,1890930,"14:47 ET"
MCD,"McDonald's Corp",182.95,-2.09,-1.13%,184.41,182.1,2460944,"14:47 ET"
MCHP,"Microchip Technology",71.98,-2.5,-3.36%,73.88,71.59,1844127,"14:47 ET"
MCK,"Mckesson Corp",124.24,-0.81,-0.65%,124.97,120.02,1746662,"14:47 ET"
MCO,"Moody's Corp",147.22,-5.23,-3.43%,150.17,146.8,808334,"14:47 ET"
MDLZ,"Mondelez Intl Cmn A",43.79,-0.68,-1.53%,44.39,43.24,7173215,"14:47 ET"
MDT,"Medtronic Inc",94.47,-2.02,-2.09%,95.78,93.65,4543548,"14:47 ET"
MET,"Metlife Inc",40.2,-2.22,-5.23%,41.59,40.13,6463737,"14:47 ET"
MGM,"MGM Resorts International",26.95,-0.050000000000001,-0.19%,27.38,25.91,6521122,"14:47 ET"
MHK,"Mohawk Industries",121.17,-0.13,-0.11%,121.9,116.67,942996,"14:47 ET"
MKC,"Mccormick & Company Inc",150.52,-1.04,-0.69%,152.48,148.16,514078,"14:46 ET"
MLM,"Martin Marietta Materials",183.46,-1.59,-0.86%,187.32,181.64,781437,"14:46 ET"
MMC,"Marsh & Mclennan Companies",83.61,-3.17,-3.65%,85.88,83.32,1569684,"14:46 ET"
MMM,"3M Company",198.82,-3.38,-1.67%,202.8,198.19,1788093,"14:47 ET"
MNST,"Monster Beverage Cp",57.53,-0.3,-0.52%,58.08,56.79,2288073,"14:47 ET"
MO,"Altria Group",53.35,-1.05,-1.93%,55.05,53.19,7496052,"14:47 ET"
MOS,"Mosaic Company",33.85,-1.43,-4.05%,34.58,33.01,3014688,"14:47 ET"
MPC,"Marathon Petroleum Corp",62.71,-0.63,-0.99%,63.36,61.8,4978981,"14:47 ET"
MRK,"Merck & Company",77.26,-0.94999999999999,-1.21%,77.75,75.82,8650982,"14:47 ET"
MRO,"Marathon Oil Corp",15.9,-0.92,-5.47%,16.32,15.6,13210820,"14:47 ET"
MS,"Morgan Stanley",41.74,-1.38,-3.20%,42.17,40.98,10293682,"14:47 ET"
MSCI,"MSCI Inc",149.6,-4.72,-3.06%,152.83,148.4,477727,"14:46 ET"
MSFT,"Microsoft Corp",107.16,-1.36,-1.25%,108.4,105,32093354,"14:47 ET"
MSI,"Motorola Solutions",127.74,-2.34,-1.80%,128.88,125.38,763496,"14:46 ET"
MTB,"M&T Bank Corp",157.82,-3.27,-2.03%,159.3,156.13,534090,"14:46 ET"
MTD,"Mettler-Toledo International",604.23,-24.44,-3.89%,622.35,604.23,162173,"14:46 ET"
MU,"Micron Technology",37.13,0.25,+0.68%,37.44,35.13,24992121,"14:47 ET"
MYL,"Mylan Nv Ord Shs",31.45,-1.51,-4.58%,32.69,31.39,3430948,"14:47 ET"
NBL,"Noble Energy Inc",23.59,-0.74,-3.04%,23.95,23.22,8085518,"14:47 ET"
NCLH,"Norwegian Cruise Ord",48.41,-0.36000000000001,-0.74%,49.23,47.83,1404739,"14:46 ET"
NDAQ,"Nasdaq Inc",88.75,-1.65,-1.83%,90.19,88.75,872824,"14:46 ET"
NEE,"Nextera Energy",180.55,-1.62,-0.89%,182.83,178.68,1179562,"14:47 ET"
NEM,"Newmont Mining Corp",32.46,-1.33,-3.94%,33.81,32.43,5173874,"14:47 ET"
NFLX,"Netflix Inc",275.73,0.40000000000003,+0.15%,279.63,267.14,9642569,"14:47 ET"
NFX,"Newfield Exploration Company",16.36,-0.87,-5.05%,16.8,16.13,4982704,"14:47 ET"
NI,"NiSource Inc",26.68,-0.41,-1.51%,27.19,26.42,1832277,"14:47 ET"
NKE,"Nike Inc",74.34,-1.45,-1.91%,75.14,73.39,5364719,"14:47 ET"
NKTR,"Nektar Therapeutics",37.36,-0.64,-1.68%,38.04,36.66,1216283,"14:47 ET"
NLSN,"Nielsen Holdings Plc",26.84,-0.24,-0.89%,27.12,26.48,2533566,"14:47 ET"
NOC,"Northrop Grumman Corp",253.71,3.87,+1.55%,255.51,245.57,1673328,"14:46 ET"
NOV,National-Oilwell,29.91,-1.77,-5.59%,30.75,29.91,2490929,"14:47 ET"
NRG,"NRG Energy",39.97,0.14,+0.35%,40.42,39.13,3086958,"14:46 ET"
NSC,"Norfolk Southern Corp",159.18,-6.71,-4.04%,163.51,157.86,2170882,"14:47 ET"
NTAP,"Netapp Inc",66.7,-1.27,-1.87%,67.75,66,1546954,"14:47 ET"
NTRS,"Northern Trust Corp",89.49,-4.88,-5.17%,93.65,89.04,1615203,"14:47 ET"
NUE,"Nucor Corp",58.32,-1.34,-2.25%,58.94,57.35,1172716,"14:46 ET"
NVDA,"Nvidia Corp",154.44,-2.67,-1.70%,156.74,150.81,12725914,"14:47 ET"
NWL,"Newell Rubbermaid Inc",22.52,-1.02,-4.33%,23.31,22.15,8084620,"14:47 ET"
NWS,"News Cp Cl B Cmn ST",12.71,-0.56,-4.22%,13.14,12.69,309246,"14:46 ET"
NWSA,"News Cp Cl A Cmn ST",12.35,-0.54,-4.19%,12.76,12.32,1963681,"14:47 ET"
O,"Realty Income Corp",64.82,0.77999999999999,+1.22%,65,63.65,1639601,"14:47 ET"
OKE,"Oneok Inc",58.49,-2.11,-3.48%,59.66,57.78,1482577,"14:47 ET"
OMC,"Omnicom Group Inc",74.97,-0.66,-0.87%,75.66,74.46,1481876,"14:47 ET"
ORCL,"Oracle Corp",45.95,-2.8,-5.74%,48,45.65,24623812,"14:47 ET"
ORLY,"O'Reilly Automotive",334.87,-11.56,-3.34%,343.7,330.1,550073,"14:46 ET"
OXY,"Occidental Petroleum Corp",66.16,-3.51,-5.04%,68.61,65.89,4352950,"14:47 ET"
PAYX,"Paychex Inc",68.2,-1.1,-1.59%,68.75,67.24,1042300,"14:47 ET"
PBCT,"People's United Finl",16,-0.31,-1.90%,16.17,15.9,2873879,"14:47 ET"
PCAR,"Paccar Inc",57.58,-1.74,-2.93%,58.2,56.11,2864450,"14:47 ET"
PCG,"Pacific Gas & Electric Co",25.59,-1.16,-4.34%,26.63,25.43,4785143,"14:46 ET"
PEG,"Public Service Enterprise Group Inc",54.66,-1.15,-2.06%,55.83,54.16,2093490,"14:47 ET"
PEP,"Pepsico Inc",115.18,-2.62,-2.22%,117.38,114.1,2766919,"14:47 ET"
PFE,"Pfizer Inc",44.13,-1.01,-2.24%,44.76,43.62,16485450,"14:47 ET"
PFG,"Principal Financial Group Inc",44.25,-1.62,-3.53%,45.31,43.77,1084666,"14:47 ET"
PG,"Procter & Gamble Company",92.35,-0.96000000000001,-1.03%,93.01,91.08,7593130,"14:47 ET"
PGR,"Progressive Corp",63.88,-0.74999999999999,-1.16%,64.42,62.53,2270573,"14:47 ET"
PH,"Parker-Hannifin Corp",160.46,-6.01,-3.61%,162.71,156.93,754770,"14:47 ET"
PHM,Pultegroup,26.42,0.79,+3.08%,26.62,25.12,4517583,"14:47 ET"
PKG,"Packaging Corporation of America",94.06,-1.91,-1.99%,94.73,93.11,502922,"14:47 ET"
PKI,Perkinelmer,84.52,-2.14,-2.47%,85.64,83.9,328462,"14:47 ET"
PLD,"Prologis Inc",66.48,-0.38,-0.57%,66.7,64.64,1697850,"14:47 ET"
PM,"Philip Morris International Inc",84.11,-1.32,-1.55%,85.71,83.69,2828079,"14:47 ET"
PNC,"PNC Bank",126.86,-2.65,-2.05%,128.28,125.39,2164833,"14:47 ET"
PNR,"Pentair Ltd",39.65,-0.93,-2.29%,39.97,38.71,1811764,"14:47 ET"
PNW,"Pinnacle West Capital Corp",89.6,-0.49000000000001,-0.54%,90.54,88.38,570932,"14:47 ET"
PPG,"PPG Industries",104.18,-2.55,-2.39%,105.44,103.2,632746,"14:46 ET"
PPL,"PPL Corp",30.38,-0.33,-1.07%,30.85,29.95,4640349,"14:47 ET"
PRGO,"Perrigo Company",62,-0.84,-1.34%,63.6,62,1094910,"14:46 ET"
PRU,"Prudential Financial Inflation Retail",85.27,-3.91,-4.38%,89.17,84.51,2532308,"14:47 ET"
PSA,"Public Storage",210.88,-0.93000000000001,-0.44%,212.38,209.99,949989,"14:47 ET"
PSX,"Phillips 66",91.09,-0.31,-0.34%,91.95,89.07,2283077,"14:47 ET"
PVH,"Phillips-Van Heusen Corp",105.2,-2.09,-1.95%,106.06,102.76,817423,"14:46 ET"
PWR,"Quanta Services",32.2,-1.31,-3.91%,33,31.93,771673,"14:46 ET"
PXD,"Pioneer Natural Resources Co",140.03,-5.65,-3.88%,141.5,135.41,1547860,"14:47 ET"
PYPL,"Paypal Holdings",84.22,0.030000000000001,+0.04%,85.21,81.29,5992932,"14:47 ET"
QCOM,"Qualcomm Inc",56.25,-1.48,-2.56%,57.08,55.69,12053567,"14:47 ET"
QRVO,"Qorvo Inc",61.8,-2.36,-3.68%,62.65,60.79,1280379,"14:47 ET"
RCL,"Royal Caribbean Cruises Ltd",107.66,-1.47,-1.35%,109.2,106.21,826487,"14:47 ET"
RE,"Everest Re Group",224.11,1.61,+0.72%,224.84,218.23,203435,"14:47 ET"
REG,"Regency Centers Corp",64.2,1.01,+1.60%,64.39,62.44,622359,"14:47 ET"
REGN,"Regeneron Pharmaceutical",375.87,3.07,+0.82%,378.36,364.89,585735,"14:47 ET"
RF,"Regions Financial Corp",14.98,-0.61,-3.91%,15.25,14.81,12381477,"14:47 ET"
RHI,"Robert Half International Inc",58.49,-1.51,-2.52%,59.43,58.09,730438,"14:47 ET"
RHT,"Red Hat Inc",177.38,-0.47,-0.26%,178.09,177,1121263,"14:46 ET"
RJF,"Raymond James Financial",76.59,0.34,+0.45%,77.03,74.47,1206615,"14:47 ET"
RL,"Ralph Lauren Corp",107.79,-2.08,-1.89%,108.68,105.19,897639,"14:47 ET"
RMD,"Resmed Inc",110.54,-1.59,-1.42%,112.06,110.16,879760,"14:47 ET"
ROK,"Rockwell Automation Inc",165.36,-6.1,-3.56%,170.02,162.32,994711,"14:46 ET"
ROL,"Rollins Inc",58.02,-4.49,-7.18%,61.34,57.53,1059025,"14:47 ET"
ROP,"Roper Industries",282.09,-4.5700000000001,-1.59%,284.46,277.3,425134,"14:46 ET"
ROST,"Ross Stores Inc",79.98,-1.78,-2.18%,81.38,78.52,2490957,"14:47 ET"
RSG,"Republic Services",74.61,-1.44,-1.89%,75.64,73.8,1581711,"14:47 ET"
RTN,"Raytheon Company",166.05,0.37,+0.22%,167.18,162.31,2286611,"14:47 ET"
SBAC,"SBA Communications",168.71,-1.12,-0.66%,169.33,165.25,565178,"14:46 ET"
SBUX,"Starbucks Corp",65.89,-0.76000000000001,-1.14%,66.61,65.59,8704655,"14:47 ET"
SCG,"Scana Corp",46.74,-0.56,-1.18%,47.15,45.74,801949,"14:46 ET"
SCHW,"The Charles Schwab Corp",42.01,-1,-2.33%,42.31,41.13,9895772,"14:47 ET"
SEE,"Sealed Air Corp",34.37,-0.44,-1.26%,34.6,33.85,1809703,"14:47 ET"
SHW,"Sherwin-Williams Company",397.41,-9.19,-2.26%,404.97,394.06,751141,"14:47 ET"
SIVB,"Svb Financial Grp",213.3,-27.13,-11.28%,231.99,207.51,1759135,"14:47 ET"
SJM,"J.M. Smucker Company",99.8,-2.44,-2.39%,102.91,99.04,1307129,"14:47 ET"
SLB,"Schlumberger N.V.",42.24,-1.88,-4.26%,42.98,41.87,14894670,"14:47 ET"
SLG,"SL Green Realty Corp",93.43,-1.07,-1.13%,93.81,91.4,595390,"14:47 ET"
SNA,"Snap-On Inc",152.98,-3.51,-2.24%,154.79,151.31,550563,"14:46 ET"
SNPS,"Synopsys Inc",89.65,0.2,+0.22%,93.15,86.99,1335120,"14:47 ET"
SO,"Southern Company",46.04,-1.2,-2.54%,47.47,45.61,4859911,"14:47 ET"
SPG,"Simon Property Group",185.94,0.91,+0.49%,186.42,182.47,961283,"14:46 ET"
SPGI,"S&P Global Inc",171.1,-6.52,-3.67%,175.64,170.84,2126650,"14:47 ET"
SRCL,"Stericycle Inc",44.89,-1.55,-3.34%,46,44.78,1242968,"14:47 ET"
SRE,"Sempra Energy",114.3,-2.56,-2.19%,117.24,113.42,883978,"14:47 ET"
STI,"Suntrust Banks",56.96,-1.71,-2.91%,58.14,56.58,2692886,"14:47 ET"
STT,"State Street Corp",64.63,-3.18,-4.69%,66.14,63.4,3325992,"14:47 ET"
STX,"Seagate Tech Ord Shs",40.9,-0.67,-1.61%,41.96,40.45,3931017,"14:47 ET"
STZ,"Constellation Brands Inc",188.42,-2.75,-1.44%,191.33,187.91,1055778,"14:47 ET"
SWK,"Stanley Black & Decker Inc",123.57,-2.78,-2.20%,125.14,121.12,1570122,"14:46 ET"
SWKS,"Skyworks Solutions",69.51,-1.25,-1.77%,70.69,69.02,1392630,"14:47 ET"
SYF,"Synchrony Financial",24.55,-0.35,-1.41%,25.15,24.49,4714394,"14:47 ET"
SYK,"Stryker Corp",169.03,-3.22,-1.87%,171.35,167.09,766798,"14:47 ET"
SYMC,"Symantec Corp",22.01,0.050000000000001,+0.23%,22.34,21.43,3538099,"14:47 ET"
SYY,"Sysco Corp",64.97,-1.16,-1.75%,65.93,64.1,2390165,"14:47 ET"
T,"AT&T Inc",30,-0.73,-2.38%,30.6,29.85,34239902,"14:47 ET"
TAP,"Molson Coors Brewing Company",63.67,-1.2,-1.85%,64.34,63.08,1048083,"14:46 ET"
TDG,"Transdigm Group Inc",343,-10.81,-3.06%,352.28,342,343670,"14:47 ET"
TEL,"Te Connectivity Ltd",74.38,0.20999999999999,+0.28%,75.07,72.6,2067323,"14:47 ET"
TGT,"Target Corp",68.72,-0.59,-0.85%,69.23,67.35,3843391,"14:47 ET"
TIF,"Tiffany & Co",87.23,-3.66,-4.03%,89.54,86.51,2260209,"14:47 ET"
TJX,"TJX Companies",45.96,-1.21,-2.57%,46.85,45.74,6673573,"14:47 ET"
TMK,"Torchmark Corp",79.85,-2.37,-2.88%,81.52,79.37,574989,"14:46 ET"
TMO,"Thermo Fisher Scientific Inc",237.91,-5.98,-2.45%,240.69,234.21,1099145,"14:46 ET"
TPR,"Tapestry Inc",37.12,-1.1,-2.88%,37.53,36.73,2246833,"14:47 ET"
TRIP,"Tripadvisor Inc",63.43,0.21,+0.33%,64.32,62.2,1281424,"14:47 ET"
TROW,"T Rowe Price Group",93.14,-2.13,-2.24%,93.72,91.51,1375326,"14:46 ET"
TRV,"The Travelers Companies Inc",122.98,-3.71,-2.93%,126.43,121.75,1586972,"14:47 ET"
TSCO,"Tractor Supply Co",90.5,-2.49,-2.68%,91.75,88.86,1246966,"14:47 ET"
TSN,"Tyson Foods",57.2,-1.04,-1.79%,58.75,56.81,1332344,"14:46 ET"
TSS,"Total System Services",85.07,-0.82000000000001,-0.95%,86.02,84.15,673577,"14:47 ET"
TTWO,"Take-Two Interacti",104.48,2.79,+2.74%,106.55,98,2276763,"14:47 ET"
TWTR,"Twitter Inc",32.25,-0.31,-0.95%,32.81,31.11,19009797,"14:47 ET"
TXN,"Texas Instruments",95.5,-0.61,-0.63%,96.35,93.75,3619731,"14:47 ET"
TXT,"Textron Inc",52.48,-1.97,-3.62%,53.41,51.19,1631741,"14:47 ET"
UA,"Under Armour Inc Class C Comm",22.29,0.32,+1.46%,22.53,21.46,2292789,"14:47 ET"
UAA,"Under Armour",23.78,0.44,+1.89%,24.05,22.71,3421008,"14:47 ET"
UAL,"United Continental Holdings",91.89,-0.049999999999997,-0.05%,92.66,90.17,1959642,"14:47 ET"
UDR,"United Dominion Realty Trust",41.97,0.19,+0.45%,42.09,41.24,1644609,"14:47 ET"
UHS,"Universal Health Services",129.88,-4.71,-3.50%,133.57,127.68,578801,"14:47 ET"
ULTA,"Ulta Salon Cosmetic",289.73,-1.4,-0.48%,292.54,281.78,1099274,"14:47 ET"
UNH,"Unitedhealth Group Inc",270.81,-7.74,-2.78%,274.81,265.25,3851084,"14:47 ET"
UNM,"Unumprovident Corp",31.77,-1.84,-5.47%,32.89,31.43,2281342,"14:47 ET"
UNP,"Union Pacific Corp",148.76,-4.27,-2.79%,151,146.88,3259357,"14:47 ET"
UPS,"United Parcel Service",105.69,-1.08,-1.01%,107.5,105.38,2290175,"14:47 ET"
URI,"United Rentals",103.42,-2.87,-2.70%,106.65,102.09,1492940,"14:47 ET"
USB,"U.S. Bancorp",51.52,-1.08,-2.05%,52.23,51.18,6002779,"14:47 ET"
UTX,"United Technologies Corp",119.86,-1.01,-0.84%,120.66,118.45,6503372,"14:47 ET"
V,"Visa Inc",138.38,-0.25999999999999,-0.19%,139.78,133.48,10730269,"14:47 ET"
VAR,"Varian Medical Systems",119.07,-2.35,-1.94%,120.79,116.92,465524,"14:46 ET"
VFC,"V.F. Corp",78.97,-1.37,-1.71%,79.6,77.35,1110595,"14:47 ET"
VIAB,"Viacom Inc Cl B",29.59,-1.29,-4.18%,30.55,29.57,3360773,"14:47 ET"
VLO,"Valero Energy Corp",77.75,-1.76,-2.21%,78.98,76.83,2853848,"14:47 ET"
VMC,"Vulcan Materials Company",101.61,1.05,+1.04%,103.71,99.6,984190,"14:47 ET"
VNO,"Vornado Realty Trust",70.21,-0.60000000000001,-0.85%,70.41,68.77,693288,"14:46 ET"
VRSK,"Verisk Analytics Inc",116.42,-3.97,-3.30%,121.45,114.59,843039,"14:47 ET"
VRSN,"Verisign Inc",155.18,1.63,+1.06%,156.34,150.64,563494,"14:47 ET"
VRTX,"Vertex Pharmaceutic",176.82,-1.11,-0.62%,179.5,174,1024576,"14:47 ET"
VTR,"Ventas Inc",64.11,0.95,+1.50%,64.36,62.9,2066860,"14:47 ET"
VZ,"Verizon Communications Inc",57.28,-0.81,-1.39%,58.64,57.16,13792399,"14:47 ET"
WAT,"Waters Corp",191.37,-4.08,-2.09%,194.92,190.82,441859,"14:47 ET"
WBA,"Walgreens Boots Alliance",81.97,-0.84999999999999,-1.03%,83.57,80.8,4650729,"14:47 ET"
WCG,"Wellcare Group",240.95,-11.31,-4.48%,250.25,236.51,940038,"14:46 ET"
WDC,"Western Digital Cp",42.77,-0.27,-0.63%,43.6,42.13,4609521,"14:47 ET"
WEC,"Wisconsin Energy Corp",72.94,-0.34,-0.46%,73.74,72.08,950902,"14:47 ET"
WELL,"Welltower Inc",73.24,1.11,+1.54%,73.45,71.92,1518005,"14:47 ET"
WFC,"Wells Fargo & Company",50.21,-1.57,-3.03%,51.14,50.02,23340895,"14:47 ET"
WHR,"Whirlpool Corp",119.65,-1.36,-1.12%,120.79,117.59,474109,"14:47 ET"
WLTW,"Willis Towers Wts",154.39,-2.92,-1.86%,156.23,153.45,459532,"14:46 ET"
WM,"Waste Management",91.48,-1.14,-1.23%,92.34,90.37,1336745,"14:47 ET"
WMB,"Williams Companies",24.09,-0.96,-3.83%,24.71,23.79,8348601,"14:47 ET"
WMT,"Wal-Mart Stores",94.06,-1.75,-1.83%,95.43,93.1,6082998,"14:47 ET"
WRK,"Westrock Company",45.64,-0.87,-1.87%,45.91,44.97,1262684,"14:47 ET"
WU,"Western Union Company",18.23,-0.13,-0.71%,18.38,18,3473321,"14:47 ET"
WY,"Weyerhaeuser Company",26.26,1.14,+4.54%,26.41,24.72,6029335,"14:47 ET"
WYNN,"Wynn Resorts Ltd",110.52,0.16,+0.14%,112.31,104.18,2680255,"14:47 ET"
XEC,"Cimarex Energy Co",74.25,-6.67,-8.24%,80.08,73.01,1789453,"14:46 ET"
XEL,"XCEL Energy Inc",52.72,-0.11,-0.21%,53.27,51.97,3058048,"14:47 ET"
XLNX,"Xilinx Inc",87.46,-3.83,-4.20%,88.77,85.91,2865322,"14:47 ET"
XOM,"Exxon Mobil Corp",77.07,-2.36,-2.97%,78.14,76.92,11884563,"14:47 ET"
XRAY,"Dentsply Sirona Inc",36.02,-0.79,-2.15%,36.5,35.6,2239908,"14:47 ET"
XRX,"Xerox Corp",26.15,-0.55,-2.06%,26.42,25.88,2379460,"14:47 ET"
XYL,"Xylem Inc",65.94,-2.1,-3.09%,66.81,65.01,1137977,"14:46 ET"
YUM,"Yum! Brands",90.69,0.0099999999999909,+0.01%,92,89.59,1932417,"14:47 ET"
ZBH,"Zimmer Biomet Holdings",110.9,-1.09,-0.97%,111.68,108.88,683038,"14:46 ET"
ZION,"Zions Bancorporation",45.02,-0.87,-1.90%,45.59,44.55,1930174,"14:47 ET"
ZTS,"Zoetis Inc Class A",88.79,-1.78,-1.97%,90.29,87.5,1472054,"14:47 ET"
"Downloaded from Barchart.com as of 12-06-2018 01:47pm CST"
